<?xml version="1.0" encoding="UTF-8"?>
<project-private xmlns="http://www.netbeans.org/ns/project-private/1">
    <editor-bookmarks xmlns="http://www.netbeans.org/ns/editor-bookmarks/2" lastBookmarkId="0"/>
    <open-files xmlns="http://www.netbeans.org/ns/projectui-open-files/2">
        <group>
            <file>file:/C:/Users/Marlon%20Santana%20dos%20S/Documents/NetBeansProjects/PetShop/src/funcionarios/Funcionario.java</file>
            <file>file:/C:/Users/Marlon%20Santana%20dos%20S/Documents/NetBeansProjects/PetShop/src/funcionarios/Gerente.java</file>
            <file>file:/C:/Users/Marlon%20Santana%20dos%20S/Documents/NetBeansProjects/PetShop/src/loja/Loja.java</file>
            <file>file:/C:/Users/Marlon%20Santana%20dos%20S/Documents/NetBeansProjects/PetShop/src/cliente/Cliente.java</file>
            <file>file:/C:/Users/Marlon%20Santana%20dos%20S/Documents/NetBeansProjects/PetShop/src/main/Main.java</file>
        </group>
    </open-files>
</project-private>
