<?xml version="1.0" encoding="UTF-8"?>
<project-private xmlns="http://www.netbeans.org/ns/project-private/1">
    <editor-bookmarks xmlns="http://www.netbeans.org/ns/editor-bookmarks/2" lastBookmarkId="0"/>
    <open-files xmlns="http://www.netbeans.org/ns/projectui-open-files/2">
        <group>
            <file>file:/C:/Users/LABORATORIO%2001/Documents/NetBeansProjectsSextaAula/ExerciciosHerança/src/faculdade/Faxineiro.java</file>
            <file>file:/C:/Users/LABORATORIO%2001/Documents/NetBeansProjectsSextaAula/ExerciciosHerança/src/faculdade/Pessoa.java</file>
            <file>file:/C:/Users/LABORATORIO%2001/Documents/NetBeansProjectsSextaAula/ExerciciosHerança/src/faculdade/Monitor.java</file>
            <file>file:/C:/Users/LABORATORIO%2001/Documents/NetBeansProjectsSextaAula/ExerciciosHerança/src/faculdade/Professor.java</file>
            <file>file:/C:/Users/LABORATORIO%2001/Documents/NetBeansProjectsSextaAula/ExerciciosHerança/src/faculdade/Funcionario.java</file>
            <file>file:/C:/Users/LABORATORIO%2001/Documents/NetBeansProjectsSextaAula/ExerciciosHerança/src/main/Main.java</file>
            <file>file:/C:/Users/LABORATORIO%2001/Documents/NetBeansProjectsSextaAula/ExerciciosHerança/src/faculdade/Alunos.java</file>
        </group>
    </open-files>
</project-private>
