<?xml version="1.0" encoding="UTF-8"?>
<project-private xmlns="http://www.netbeans.org/ns/project-private/1">
    <editor-bookmarks xmlns="http://www.netbeans.org/ns/editor-bookmarks/2" lastBookmarkId="0"/>
    <open-files xmlns="http://www.netbeans.org/ns/projectui-open-files/2">
        <group>
            <file>file:/C:/Users/Marlon%20Santana%20dos%20S/Documents/NetBeansProjects/AtributoClasse/src/Objetos/Onibus.java</file>
            <file>file:/C:/Users/Marlon%20Santana%20dos%20S/Documents/NetBeansProjects/AtributoClasse/src/Objetos/Endereco.java</file>
            <file>file:/C:/Users/Marlon%20Santana%20dos%20S/Documents/NetBeansProjects/AtributoClasse/src/Objetos/Mercado.java</file>
        </group>
    </open-files>
</project-private>
